"id1","id2","Count"
"1","2",131
"1","3",88
"1","4",15
"1","5",107
"1","6",1
"1","7",1
"1","8",9
"1","9",76
"1","10",76
"1","11",4
"1","12",1
"1","13",239
"1","14",72
"1","15",35
"1","16",3
"1","17",36
"1","19",1
"1","20",1
"1","21",18
"1","22",11
"1","23",109
"1","25",12
"1","26",65
"1","28",1
"1","29",56
"1","30",4
"1","32",136
"1","33",422
"1","34",133
"1","36",12
"1","37",5
"1","39",2
"1","42",81
"1","44",106
"1","45",48
"1","46",2
"1","47",7
"1","48",1
"1","49",9
"1","51",12
"1","52",154
"1","53",1
"1","55",3
"1","57",1
"1","58",3
"1","59",1
"1","60",3
"1","62",3
"1","63",3
"1","64",108
"1","65",32
"1","67",125
"1","68",3
"1","69",1
"1","70",60
"1","71",118
"1","73",2
"1","74",52
"1","75",11
"1","76",1
"1","77",6
"1","79",112
"1","81",204
"1","82",68
"1","83",11
"1","84",210
"1","85",48
"1","86",3
"1","87",4
"1","89",94
"1","90",22
"1","92",15
"1","95",88
"1","96",1
"1","97",112
"1","98",15
"2","3",138
"2","4",14
"2","5",241
"2","6",2
"2","9",77
"2","10",70
"2","11",4
"2","13",285
"2","14",46
"2","15",88
"2","16",9
"2","17",83
"2","18",2
"2","19",1
"2","20",6
"2","21",91
"2","22",27
"2","23",194
"2","25",32
"2","26",37
"2","29",93
"2","30",4
"2","32",171
"2","33",233
"2","34",113
"2","36",25
"2","37",3
"2","39",2
"2","42",213
"2","44",336
"2","45",39
"2","46",15
"2","47",11
"2","49",2
"2","51",28
"2","52",242
"2","55",8
"2","57",4
"2","58",1
"2","59",1
"2","60",13
"2","62",1
"2","63",46
"2","64",180
"2","65",58
"2","67",160
"2","69",1
"2","70",49
"2","71",365
"2","72",1
"2","73",2
"2","74",13
"2","75",9
"2","76",2
"2","77",8
"2","79",104
"2","81",214
"2","82",102
"2","83",7
"2","84",200
"2","85",36
"2","86",3
"2","87",1
"2","89",149
"2","90",55
"2","91",1
"2","92",21
"2","93",5
"2","95",54
"2","96",3
"2","97",90
"2","98",34
"3","4",1
"3","5",149
"3","7",3
"3","8",2
"3","9",67
"3","10",62
"3","11",1
"3","12",1
"3","13",119
"3","14",48
"3","15",24
"3","16",1
"3","17",39
"3","19",1
"3","21",64
"3","22",7
"3","23",215
"3","25",93
"3","26",18
"3","29",124
"3","32",261
"3","33",23
"3","34",133
"3","36",4
"3","37",2
"3","39",1
"3","42",144
"3","44",285
"3","45",88
"3","46",2
"3","47",18
"3","48",1
"3","49",2
"3","50",5
"3","51",12
"3","52",122
"3","57",1
"3","58",1
"3","60",1
"3","63",2
"3","64",106
"3","65",19
"3","67",49
"3","70",29
"3","71",125
"3","72",2
"3","74",21
"3","75",47
"3","76",6
"3","77",7
"3","79",115
"3","80",1
"3","81",256
"3","82",103
"3","83",5
"3","84",210
"3","85",40
"3","86",1
"3","87",6
"3","89",112
"3","90",32
"3","91",1
"3","92",4
"3","95",183
"3","97",54
"3","98",74
"4","5",1
"4","7",8
"4","9",20
"4","10",8
"4","11",3
"4","12",16
"4","13",1
"4","14",15
"4","15",3
"4","16",9
"4","17",69
"4","18",26
"4","19",8
"4","20",17
"4","21",32
"4","22",13
"4","23",6
"4","24",3
"4","25",12
"4","26",32
"4","29",8
"4","30",13
"4","31",11
"4","32",5
"4","34",19
"4","35",2
"4","36",10
"4","37",6
"4","39",56
"4","42",6
"4","43",11
"4","44",11
"4","45",54
"4","46",12
"4","47",32
"4","48",5
"4","49",8
"4","50",9
"4","51",11
"4","52",1
"4","53",4
"4","54",1
"4","55",6
"4","57",3
"4","58",8
"4","59",1
"4","60",10
"4","61",28
"4","62",6
"4","63",6
"4","64",7
"4","65",18
"4","67",14
"4","68",18
"4","69",3
"4","70",9
"4","71",2
"4","72",1
"4","73",13
"4","74",16
"4","75",50
"4","76",57
"4","77",14
"4","78",11
"4","79",6
"4","80",1
"4","81",2
"4","82",1
"4","83",4
"4","84",5
"4","85",3
"4","86",1
"4","87",12
"4","89",5
"4","90",11
"4","91",5
"4","92",61
"4","93",4
"4","94",21
"4","96",4
"4","97",9
"4","98",51
"5","6",2
"5","8",10
"5","9",87
"5","10",129
"5","11",3
"5","13",250
"5","14",42
"5","15",25
"5","16",2
"5","17",15
"5","20",3
"5","21",34
"5","22",2
"5","23",288
"5","25",17
"5","26",16
"5","29",91
"5","30",3
"5","32",226
"5","33",197
"5","34",119
"5","36",3
"5","37",1
"5","39",5
"5","42",269
"5","44",353
"5","45",16
"5","46",1
"5","47",4
"5","49",2
"5","51",5
"5","52",174
"5","60",1
"5","63",9
"5","64",144
"5","65",20
"5","67",39
"5","70",33
"5","71",333
"5","74",24
"5","75",4
"5","77",21
"5","79",220
"5","81",266
"5","82",131
"5","83",6
"5","84",353
"5","85",23
"5","89",94
"5","90",23
"5","92",15
"5","93",1
"5","95",78
"5","96",1
"5","97",120
"5","98",14
"6","7",4
"6","8",1
"6","10",1
"6","11",1
"6","12",9
"6","14",7
"6","15",5
"6","17",6
"6","18",1
"6","19",2
"6","20",15
"6","21",10
"6","22",2
"6","23",3
"6","24",1
"6","25",3
"6","26",1
"6","28",2
"6","29",6
"6","30",3
"6","31",1
"6","34",1
"6","36",12
"6","37",8
"6","39",2
"6","44",10
"6","45",2
"6","47",11
"6","48",1
"6","50",3
"6","51",3
"6","52",6
"6","53",1
"6","54",2
"6","57",7
"6","58",1
"6","59",4
"6","60",3
"6","62",2
"6","63",9
"6","65",3
"6","67",4
"6","68",5
"6","70",1
"6","72",8
"6","73",1
"6","74",5
"6","75",1
"6","76",2
"6","77",4
"6","80",3
"6","82",1
"6","83",12
"6","85",1
"6","86",2
"6","90",3
"6","91",4
"6","92",11
"6","93",3
"6","94",5
"6","95",2
"6","96",3
"6","97",4
"6","98",4
"7","8",17
"7","12",5
"7","14",12
"7","15",1
"7","16",18
"7","18",15
"7","19",12
"7","20",7
"7","21",3
"7","22",3
"7","23",2
"7","25",4
"7","26",4
"7","28",3
"7","30",10
"7","31",5
"7","34",1
"7","35",14
"7","36",1
"7","37",9
"7","39",2
"7","42",4
"7","43",6
"7","46",6
"7","47",2
"7","48",2
"7","49",14
"7","50",1
"7","51",2
"7","52",1
"7","53",9
"7","54",22
"7","55",6
"7","57",1
"7","58",1
"7","59",10
"7","60",1
"7","61",17
"7","62",3
"7","63",1
"7","64",1
"7","67",4
"7","68",8
"7","69",13
"7","70",1
"7","71",1
"7","72",12
"7","73",10
"7","74",3
"7","75",9
"7","76",3
"7","77",6
"7","78",8
"7","79",1
"7","80",10
"7","83",3
"7","86",6
"7","87",14
"7","89",2
"7","90",1
"7","91",7
"7","92",6
"7","95",3
"7","96",14
"7","97",1
"7","98",2
"8","9",1
"8","10",1
"8","11",4
"8","12",1
"8","14",4
"8","15",10
"8","16",17
"8","17",9
"8","18",6
"8","19",31
"8","20",9
"8","21",10
"8","22",3
"8","24",2
"8","25",3
"8","26",2
"8","28",8
"8","29",6
"8","30",17
"8","31",4
"8","32",4
"8","34",6
"8","35",8
"8","36",9
"8","37",9
"8","39",6
"8","42",2
"8","43",7
"8","44",5
"8","45",3
"8","46",14
"8","47",4
"8","48",4
"8","49",12
"8","50",3
"8","51",3
"8","52",8
"8","53",2
"8","54",4
"8","55",4
"8","57",16
"8","58",12
"8","59",7
"8","60",9
"8","61",15
"8","62",24
"8","63",5
"8","64",1
"8","65",3
"8","67",6
"8","68",7
"8","69",14
"8","70",6
"8","71",1
"8","72",12
"8","73",5
"8","74",19
"8","75",8
"8","76",19
"8","77",6
"8","78",15
"8","79",2
"8","80",6
"8","82",1
"8","83",12
"8","84",2
"8","85",4
"8","86",5
"8","87",9
"8","89",2
"8","90",12
"8","91",8
"8","92",13
"8","93",9
"8","94",2
"8","95",8
"8","96",8
"8","97",6
"8","98",9
"9","10",142
"9","11",26
"9","12",3
"9","13",76
"9","14",45
"9","15",36
"9","17",61
"9","18",1
"9","19",2
"9","20",5
"9","21",14
"9","22",11
"9","23",214
"9","25",44
"9","26",22
"9","28",3
"9","29",65
"9","30",11
"9","31",1
"9","32",79
"9","33",42
"9","34",148
"9","35",1
"9","36",10
"9","37",3
"9","39",2
"9","42",83
"9","43",1
"9","44",74
"9","45",50
"9","46",2
"9","47",20
"9","48",5
"9","49",8
"9","50",1
"9","51",33
"9","52",75
"9","53",3
"9","54",3
"9","55",5
"9","59",1
"9","61",1
"9","63",5
"9","64",49
"9","65",26
"9","67",21
"9","68",1
"9","69",2
"9","70",83
"9","71",63
"9","72",2
"9","73",1
"9","74",58
"9","75",25
"9","76",2
"9","77",8
"9","78",3
"9","79",84
"9","81",178
"9","82",98
"9","83",4
"9","84",100
"9","85",50
"9","86",2
"9","87",2
"9","89",103
"9","90",29
"9","91",3
"9","92",46
"9","94",2
"9","95",119
"9","97",100
"9","98",60
"10","11",27
"10","12",2
"10","13",164
"10","14",75
"10","15",70
"10","17",67
"10","19",1
"10","20",2
"10","21",59
"10","22",26
"10","23",164
"10","25",28
"10","26",66
"10","28",1
"10","29",126
"10","30",16
"10","32",70
"10","33",77
"10","34",134
"10","36",41
"10","37",2
"10","39",2
"10","42",46
"10","44",81
"10","45",49
"10","46",1
"10","47",7
"10","50",5
"10","51",52
"10","52",174
"10","54",1
"10","55",10
"10","57",2
"10","58",3
"10","59",1
"10","60",1
"10","63",14
"10","64",55
"10","65",42
"10","67",110
"10","68",2
"10","70",86
"10","71",95
"10","73",1
"10","74",28
"10","75",37
"10","76",5
"10","77",18
"10","79",78
"10","80",1
"10","81",111
"10","82",52
"10","83",14
"10","84",185
"10","85",42
"10","87",1
"10","89",113
"10","90",34
"10","91",2
"10","92",27
"10","93",1
"10","94",1
"10","95",65
"10","97",69
"10","98",52
"11","12",2
"11","13",4
"11","14",21
"11","15",7
"11","16",5
"11","17",13
"11","18",4
"11","19",2
"11","21",9
"11","22",2
"11","23",11
"11","24",5
"11","25",17
"11","26",27
"11","28",2
"11","29",4
"11","30",9
"11","34",3
"11","35",2
"11","36",8
"11","37",1
"11","39",9
"11","42",3
"11","43",1
"11","44",1
"11","45",8
"11","46",12
"11","47",17
"11","48",1
"11","49",13
"11","50",34
"11","51",14
"11","52",15
"11","54",23
"11","55",4
"11","57",6
"11","58",11
"11","60",21
"11","61",1
"11","63",8
"11","64",6
"11","65",12
"11","67",9
"11","68",2
"11","69",3
"11","70",16
"11","72",9
"11","74",7
"11","75",2
"11","76",5
"11","77",21
"11","78",2
"11","79",6
"11","81",4
"11","82",6
"11","83",15
"11","84",1
"11","85",11
"11","86",8
"11","87",19
"11","89",11
"11","90",12
"11","91",5
"11","92",29
"11","93",2
"11","94",6
"11","95",3
"11","96",1
"11","97",6
"11","98",9
"12","13",1
"12","14",7
"12","15",4
"12","16",4
"12","17",41
"12","18",9
"12","19",2
"12","20",6
"12","21",30
"12","23",2
"12","24",3
"12","25",3
"12","26",2
"12","28",2
"12","29",4
"12","30",11
"12","31",1
"12","34",3
"12","35",3
"12","36",8
"12","37",5
"12","39",9
"12","43",8
"12","45",4
"12","46",22
"12","47",3
"12","48",3
"12","49",15
"12","50",10
"12","51",1
"12","52",1
"12","53",5
"12","54",20
"12","55",3
"12","57",37
"12","58",21
"12","59",5
"12","60",18
"12","62",1
"12","63",20
"12","65",2
"12","67",8
"12","68",10
"12","69",9
"12","70",4
"12","72",38
"12","73",3
"12","74",16
"12","76",13
"12","77",11
"12","78",12
"12","79",1
"12","80",2
"12","83",5
"12","84",2
"12","85",2
"12","86",6
"12","87",14
"12","89",3
"12","90",9
"12","91",5
"12","92",17
"12","93",1
"12","94",6
"12","95",2
"12","97",2
"12","98",1
"13","14",58
"13","15",64
"13","17",85
"13","19",1
"13","20",6
"13","21",27
"13","22",3
"13","23",470
"13","25",12
"13","26",17
"13","28",1
"13","29",121
"13","30",7
"13","32",286
"13","33",400
"13","34",240
"13","36",33
"13","37",1
"13","42",212
"13","44",335
"13","45",15
"13","46",2
"13","47",6
"13","50",12
"13","51",30
"13","52",221
"13","55",9
"13","63",3
"13","64",229
"13","65",53
"13","67",58
"13","68",1
"13","70",35
"13","71",355
"13","73",1
"13","74",58
"13","75",8
"13","76",3
"13","77",14
"13","79",388
"13","81",287
"13","82",73
"13","83",5
"13","84",305
"13","85",70
"13","86",1
"13","87",1
"13","89",58
"13","90",14
"13","91",1
"13","92",11
"13","93",1
"13","94",1
"13","95",36
"13","97",85
"13","98",21
"14","15",46
"14","16",12
"14","17",79
"14","19",19
"14","20",5
"14","21",40
"14","22",10
"14","23",145
"14","24",5
"14","25",73
"14","26",68
"14","28",19
"14","29",65
"14","30",4
"14","31",52
"14","32",44
"14","33",29
"14","34",125
"14","35",1
"14","36",22
"14","37",2
"14","39",19
"14","42",37
"14","43",3
"14","44",90
"14","45",48
"14","46",5
"14","47",90
"14","48",18
"14","49",146
"14","50",3
"14","51",31
"14","52",73
"14","53",6
"14","55",22
"14","57",4
"14","58",2
"14","59",3
"14","60",17
"14","61",5
"14","62",7
"14","63",17
"14","64",83
"14","65",50
"14","67",76
"14","68",3
"14","69",1
"14","70",72
"14","71",54
"14","72",1
"14","73",25
"14","74",36
"14","75",50
"14","76",42
"14","77",21
"14","78",1
"14","79",38
"14","80",6
"14","81",34
"14","82",50
"14","83",17
"14","84",33
"14","85",40
"14","86",9
"14","87",2
"14","89",117
"14","90",36
"14","91",3
"14","92",51
"14","93",12
"14","94",4
"14","95",47
"14","97",73
"14","98",163
"15","16",1
"15","17",36
"15","19",1
"15","20",1
"15","21",38
"15","22",26
"15","23",43
"15","25",21
"15","26",40
"15","28",7
"15","29",45
"15","30",2
"15","32",23
"15","33",45
"15","34",56
"15","35",1
"15","36",22
"15","37",21
"15","39",5
"15","42",58
"15","44",290
"15","45",57
"15","46",2
"15","47",27
"15","48",2
"15","49",2
"15","50",8
"15","51",34
"15","52",65
"15","53",2
"15","54",10
"15","55",10
"15","57",13
"15","58",13
"15","60",19
"15","61",1
"15","63",12
"15","64",85
"15","65",85
"15","67",25
"15","69",5
"15","70",57
"15","71",32
"15","72",11
"15","73",2
"15","74",54
"15","75",21
"15","76",4
"15","77",19
"15","78",1
"15","79",48
"15","80",2
"15","81",25
"15","82",9
"15","83",10
"15","84",24
"15","85",75
"15","86",21
"15","87",1
"15","89",48
"15","90",61
"15","91",8
"15","92",42
"15","93",3
"15","95",61
"15","97",93
"15","98",61
"16","18",2
"16","19",20
"16","20",23
"16","21",1
"16","22",2
"16","24",3
"16","25",5
"16","26",4
"16","28",6
"16","30",9
"16","31",9
"16","35",9
"16","36",1
"16","37",13
"16","39",10
"16","42",2
"16","43",4
"16","46",4
"16","47",21
"16","48",2
"16","49",9
"16","50",1
"16","53",2
"16","54",8
"16","55",3
"16","57",3
"16","58",1
"16","59",5
"16","60",28
"16","61",14
"16","62",5
"16","63",2
"16","64",1
"16","65",2
"16","67",3
"16","68",1
"16","69",5
"16","70",6
"16","72",14
"16","73",10
"16","74",2
"16","75",7
"16","76",5
"16","77",10
"16","78",18
"16","79",2
"16","80",11
"16","83",3
"16","85",2
"16","86",6
"16","87",12
"16","89",1
"16","90",1
"16","91",2
"16","92",1
"16","93",12
"16","94",4
"16","95",6
"16","96",11
"16","97",2
"16","98",7
"17","19",5
"17","20",26
"17","21",43
"17","22",15
"17","23",51
"17","24",4
"17","25",72
"17","26",75
"17","28",2
"17","29",56
"17","31",1
"17","32",37
"17","33",1
"17","34",20
"17","36",33
"17","37",21
"17","39",4
"17","42",18
"17","44",38
"17","45",100
"17","46",25
"17","47",107
"17","48",2
"17","50",4
"17","51",37
"17","52",43
"17","54",1
"17","55",14
"17","57",3
"17","58",7
"17","59",20
"17","60",13
"17","62",6
"17","63",8
"17","64",45
"17","65",48
"17","67",74
"17","68",9
"17","70",18
"17","71",24
"17","72",2
"17","73",2
"17","74",52
"17","75",56
"17","76",5
"17","77",13
"17","79",66
"17","81",33
"17","82",3
"17","83",4
"17","84",36
"17","85",95
"17","86",1
"17","87",8
"17","89",60
"17","90",30
"17","91",1
"17","92",49
"17","93",1
"17","94",4
"17","95",35
"17","97",31
"17","98",120
"18","19",4
"18","20",6
"18","21",5
"18","22",8
"18","23",1
"18","24",21
"18","25",2
"18","26",18
"18","28",5
"18","29",1
"18","30",5
"18","31",3
"18","32",1
"18","35",11
"18","37",6
"18","39",33
"18","43",2
"18","45",2
"18","46",1
"18","47",3
"18","48",4
"18","49",16
"18","50",4
"18","53",9
"18","54",8
"18","55",2
"18","57",2
"18","58",10
"18","59",26
"18","60",2
"18","61",7
"18","62",5
"18","63",5
"18","64",2
"18","65",2
"18","67",8
"18","68",7
"18","69",16
"18","70",1
"18","72",1
"18","73",4
"18","76",9
"18","77",16
"18","78",6
"18","79",1
"18","80",9
"18","83",4
"18","86",6
"18","87",4
"18","89",1
"18","91",6
"18","92",15
"18","93",1
"18","94",12
"18","95",1
"18","96",11
"18","98",9
"19","20",9
"19","21",4
"19","22",12
"19","24",14
"19","25",1
"19","26",7
"19","28",3
"19","29",3
"19","30",11
"19","31",18
"19","32",2
"19","34",3
"19","35",26
"19","36",2
"19","37",21
"19","39",9
"19","42",1
"19","43",3
"19","45",1
"19","46",4
"19","47",23
"19","48",4
"19","49",8
"19","50",9
"19","51",2
"19","53",6
"19","54",8
"19","55",6
"19","57",14
"19","59",5
"19","60",7
"19","61",15
"19","62",6
"19","64",1
"19","65",1
"19","67",11
"19","68",4
"19","69",12
"19","70",1
"19","73",36
"19","74",5
"19","76",12
"19","77",3
"19","78",18
"19","79",1
"19","80",12
"19","82",1
"19","83",2
"19","84",1
"19","86",11
"19","87",37
"19","89",1
"19","90",2
"19","91",5
"19","92",1
"19","93",8
"19","94",3
"19","95",2
"19","96",30
"19","97",1
"19","98",5
"20","21",15
"20","22",11
"20","24",10
"20","25",6
"20","26",10
"20","28",6
"20","29",7
"20","30",5
"20","31",4
"20","32",7
"20","35",1
"20","36",4
"20","37",41
"20","39",57
"20","42",2
"20","43",8
"20","44",5
"20","45",7
"20","46",8
"20","47",17
"20","48",1
"20","49",23
"20","50",32
"20","51",20
"20","52",2
"20","53",16
"20","54",10
"20","55",12
"20","57",19
"20","58",31
"20","59",15
"20","60",5
"20","62",16
"20","63",6
"20","65",4
"20","67",12
"20","68",23
"20","69",7
"20","70",1
"20","72",11
"20","73",4
"20","74",15
"20","75",7
"20","76",27
"20","77",6
"20","78",6
"20","80",26
"20","81",5
"20","82",3
"20","83",15
"20","85",3
"20","86",2
"20","87",7
"20","89",1
"20","90",6
"20","91",17
"20","92",7
"20","93",10
"20","94",16
"20","95",19
"20","96",3
"20","97",27
"20","98",12
"21","22",131
"21","23",37
"21","25",69
"21","26",22
"21","28",6
"21","29",40
"21","30",12
"21","31",2
"21","32",109
"21","33",74
"21","34",35
"21","36",37
"21","37",37
"21","39",4
"21","42",74
"21","43",4
"21","44",95
"21","45",65
"21","46",28
"21","47",3
"21","48",6
"21","49",5
"21","50",27
"21","51",74
"21","52",58
"21","53",4
"21","54",1
"21","55",4
"21","57",4
"21","58",12
"21","59",8
"21","60",20
"21","62",14
"21","63",9
"21","64",7
"21","65",79
"21","67",39
"21","68",1
"21","69",1
"21","70",41
"21","71",7
"21","72",7
"21","73",3
"21","74",71
"21","75",70
"21","76",5
"21","77",16
"21","78",1
"21","79",26
"21","80",1
"21","81",27
"21","82",32
"21","83",33
"21","84",121
"21","85",33
"21","86",3
"21","89",77
"21","90",11
"21","91",16
"21","92",43
"21","93",2
"21","94",1
"21","95",77
"21","97",48
"21","98",89
"22","23",7
"22","24",3
"22","25",31
"22","26",34
"22","28",5
"22","29",13
"22","30",14
"22","31",4
"22","32",2
"22","34",5
"22","36",12
"22","37",5
"22","39",3
"22","42",4
"22","43",2
"22","44",7
"22","45",24
"22","46",8
"22","47",21
"22","49",11
"22","50",26
"22","51",9
"22","52",6
"22","53",3
"22","54",6
"22","55",1
"22","57",3
"22","58",6
"22","59",15
"22","60",7
"22","62",7
"22","63",14
"22","64",9
"22","65",5
"22","67",16
"22","70",16
"22","71",2
"22","72",8
"22","73",2
"22","74",10
"22","75",9
"22","76",8
"22","77",35
"22","78",6
"22","79",13
"22","80",2
"22","81",2
"22","82",6
"22","83",21
"22","84",3
"22","85",3
"22","86",2
"22","87",6
"22","89",7
"22","90",15
"22","91",8
"22","92",53
"22","93",4
"22","94",2
"22","95",16
"22","96",2
"22","97",21
"22","98",22
"23","25",22
"23","26",27
"23","29",63
"23","30",22
"23","31",1
"23","32",357
"23","33",199
"23","34",245
"23","36",29
"23","37",2
"23","39",8
"23","42",126
"23","44",296
"23","45",37
"23","47",26
"23","49",30
"23","51",16
"23","52",198
"23","54",1
"23","55",17
"23","58",3
"23","60",12
"23","62",2
"23","63",3
"23","64",83
"23","65",29
"23","67",182
"23","68",4
"23","70",64
"23","71",353
"23","72",1
"23","73",3
"23","74",58
"23","75",28
"23","77",15
"23","79",106
"23","81",218
"23","82",177
"23","83",10
"23","84",138
"23","85",211
"23","87",1
"23","89",131
"23","90",21
"23","92",34
"23","93",2
"23","95",69
"23","96",2
"23","97",171
"23","98",39
"24","25",2
"24","26",6
"24","28",1
"24","29",2
"24","30",16
"24","35",2
"24","39",11
"24","43",2
"24","44",1
"24","45",1
"24","46",30
"24","47",1
"24","48",14
"24","49",1
"24","50",18
"24","52",1
"24","53",3
"24","54",21
"24","55",1
"24","57",4
"24","58",3
"24","59",1
"24","61",4
"24","62",7
"24","64",1
"24","65",1
"24","67",1
"24","68",24
"24","69",1
"24","70",1
"24","71",2
"24","72",2
"24","73",4
"24","74",4
"24","75",3
"24","76",26
"24","77",1
"24","78",6
"24","79",2
"24","80",2
"24","83",8
"24","86",5
"24","87",11
"24","89",1
"24","90",1
"24","91",17
"24","94",3
"24","96",8
"25","26",57
"25","28",5
"25","29",50
"25","30",6
"25","31",3
"25","32",15
"25","34",28
"25","35",1
"25","36",26
"25","37",3
"25","39",12
"25","42",9
"25","43",2
"25","44",5
"25","45",116
"25","46",16
"25","47",28
"25","49",8
"25","50",11
"25","51",51
"25","52",14
"25","53",1
"25","54",1
"25","55",7
"25","57",6
"25","59",1
"25","60",19
"25","62",2
"25","63",11
"25","64",35
"25","65",29
"25","67",8
"25","68",5
"25","69",2
"25","70",34
"25","71",3
"25","74",60
"25","75",40
"25","76",30
"25","77",20
"25","78",1
"25","79",24
"25","80",23
"25","81",11
"25","82",13
"25","83",4
"25","84",24
"25","85",35
"25","86",12
"25","89",66
"25","90",65
"25","91",9
"25","92",59
"25","93",6
"25","95",43
"25","97",125
"25","98",100
"26","28",3
"26","29",58
"26","30",3
"26","31",10
"26","32",24
"26","34",43
"26","35",2
"26","36",26
"26","37",20
"26","39",16
"26","42",20
"26","43",1
"26","44",34
"26","45",44
"26","46",14
"26","47",48
"26","48",1
"26","49",30
"26","50",15
"26","51",19
"26","52",61
"26","53",5
"26","54",3
"26","55",4
"26","57",2
"26","58",5
"26","59",4
"26","60",43
"26","62",4
"26","63",18
"26","64",22
"26","65",55
"26","67",37
"26","68",3
"26","70",91
"26","71",8
"26","72",8
"26","73",6
"26","74",37
"26","75",60
"26","76",10
"26","77",21
"26","78",2
"26","79",16
"26","80",2
"26","81",10
"26","82",13
"26","83",4
"26","84",52
"26","85",57
"26","86",1
"26","87",3
"26","89",30
"26","90",27
"26","92",58
"26","93",2
"26","94",7
"26","95",39
"26","96",1
"26","97",46
"26","98",109
"28","29",5
"28","30",3
"28","31",5
"28","32",1
"28","34",1
"28","35",11
"28","36",1
"28","37",6
"28","39",17
"28","42",7
"28","43",3
"28","44",1
"28","45",4
"28","46",19
"28","47",5
"28","48",1
"28","49",11
"28","50",24
"28","51",3
"28","52",1
"28","53",5
"28","55",2
"28","57",2
"28","58",12
"28","59",2
"28","60",53
"28","61",15
"28","62",9
"28","63",2
"28","65",3
"28","68",6
"28","69",1
"28","70",2
"28","72",25
"28","73",1
"28","74",3
"28","75",10
"28","76",10
"28","77",1
"28","78",1
"28","79",1
"28","80",4
"28","81",1
"28","83",7
"28","85",1
"28","86",8
"28","87",16
"28","89",3
"28","90",2
"28","91",13
"28","92",7
"28","93",7
"28","94",3
"28","95",4
"28","96",11
"28","97",1
"28","98",4
"29","30",5
"29","32",131
"29","33",57
"29","34",120
"29","36",51
"29","37",6
"29","42",46
"29","44",164
"29","45",79
"29","46",3
"29","47",36
"29","49",1
"29","50",13
"29","51",22
"29","52",81
"29","54",2
"29","55",3
"29","57",5
"29","58",13
"29","60",8
"29","61",1
"29","63",7
"29","64",52
"29","65",37
"29","67",61
"29","68",1
"29","70",96
"29","71",67
"29","73",2
"29","74",28
"29","75",13
"29","76",8
"29","77",16
"29","78",1
"29","79",105
"29","80",2
"29","81",76
"29","82",41
"29","83",12
"29","84",125
"29","85",69
"29","86",9
"29","89",132
"29","90",24
"29","92",28
"29","93",1
"29","94",1
"29","95",74
"29","97",118
"29","98",54
"30","31",5
"30","32",4
"30","34",2
"30","35",4
"30","36",4
"30","37",35
"30","39",12
"30","42",4
"30","43",1
"30","44",2
"30","45",14
"30","46",28
"30","47",5
"30","48",16
"30","49",8
"30","50",6
"30","51",5
"30","52",5
"30","53",5
"30","54",12
"30","55",1
"30","57",4
"30","58",3
"30","59",12
"30","61",5
"30","62",3
"30","63",10
"30","64",1
"30","65",5
"30","67",20
"30","68",6
"30","69",5
"30","70",15
"30","71",2
"30","72",45
"30","73",2
"30","74",8
"30","75",52
"30","76",22
"30","77",9
"30","78",22
"30","79",1
"30","80",16
"30","81",2
"30","82",21
"30","83",2
"30","84",3
"30","85",9
"30","86",1
"30","87",46
"30","89",6
"30","90",4
"30","91",17
"30","92",3
"30","93",3
"30","94",13
"30","95",8
"30","96",3
"30","98",2
"31","35",41
"31","36",2
"31","37",7
"31","39",19
"31","42",2
"31","43",3
"31","46",1
"31","47",5
"31","48",2
"31","49",3
"31","50",5
"31","51",1
"31","52",1
"31","53",4
"31","54",3
"31","55",2
"31","57",4
"31","58",2
"31","59",3
"31","60",2
"31","61",21
"31","62",4
"31","63",1
"31","64",1
"31","65",1
"31","67",11
"31","68",18
"31","69",71
"31","70",2
"31","73",13
"31","74",5
"31","75",1
"31","76",2
"31","77",3
"31","78",13
"31","79",1
"31","80",31
"31","82",1
"31","86",10
"31","87",4
"31","91",6
"31","94",8
"31","96",37
"31","97",1
"32","33",176
"32","34",264
"32","36",24
"32","37",2
"32","39",1
"32","42",114
"32","44",207
"32","45",52
"32","46",3
"32","47",10
"32","48",1
"32","49",14
"32","50",2
"32","51",8
"32","52",123
"32","55",1
"32","57",3
"32","58",7
"32","60",9
"32","63",9
"32","64",154
"32","65",11
"32","67",32
"32","70",14
"32","71",382
"32","72",3
"32","73",1
"32","74",9
"32","75",15
"32","76",1
"32","77",4
"32","79",326
"32","80",1
"32","81",437
"32","82",102
"32","83",3
"32","84",237
"32","85",6
"32","89",78
"32","90",40
"32","92",43
"32","93",1
"32","95",14
"32","96",1
"32","97",40
"32","98",16
"33","34",77
"33","36",3
"33","42",91
"33","44",375
"33","45",10
"33","51",7
"33","52",464
"33","60",1
"33","64",48
"33","65",2
"33","67",22
"33","70",7
"33","71",211
"33","74",10
"33","75",1
"33","79",241
"33","81",534
"33","82",22
"33","84",113
"33","85",8
"33","89",107
"33","90",9
"33","95",3
"33","97",166
"33","98",2
"34","36",29
"34","37",1
"34","39",2
"34","42",116
"34","43",1
"34","44",116
"34","45",30
"34","46",5
"34","47",9
"34","48",1
"34","51",30
"34","52",167
"34","53",2
"34","54",2
"34","55",7
"34","58",2
"34","59",2
"34","60",5
"34","62",1
"34","63",7
"34","64",96
"34","65",17
"34","67",99
"34","70",91
"34","71",114
"34","72",1
"34","74",68
"34","75",21
"34","76",2
"34","77",17
"34","79",258
"34","81",143
"34","82",70
"34","83",13
"34","84",201
"34","85",73
"34","87",2
"34","89",100
"34","90",34
"34","92",18
"34","93",3
"34","95",87
"34","97",121
"34","98",42
"35","36",1
"35","39",2
"35","43",1
"35","45",1
"35","46",2
"35","48",3
"35","49",2
"35","50",1
"35","53",3
"35","54",7
"35","55",2
"35","57",2
"35","58",1
"35","59",9
"35","61",67
"35","62",3
"35","67",1
"35","68",17
"35","69",89
"35","70",1
"35","73",14
"35","74",1
"35","76",5
"35","77",1
"35","78",16
"35","80",42
"35","83",1
"35","86",13
"35","87",43
"35","91",1
"35","93",2
"35","94",2
"35","95",3
"35","96",100
"36","37",3
"36","39",3
"36","42",11
"36","43",2
"36","44",7
"36","45",41
"36","46",1
"36","47",36
"36","48",5
"36","49",3
"36","50",3
"36","51",16
"36","52",15
"36","53",3
"36","54",1
"36","55",22
"36","57",21
"36","58",3
"36","60",8
"36","62",7
"36","63",27
"36","64",8
"36","65",48
"36","67",15
"36","68",4
"36","70",46
"36","71",4
"36","72",4
"36","73",3
"36","74",13
"36","75",8
"36","76",11
"36","77",6
"36","78",2
"36","79",11
"36","80",7
"36","81",5
"36","82",4
"36","83",28
"36","84",5
"36","85",11
"36","86",2
"36","87",1
"36","89",61
"36","90",21
"36","92",41
"36","93",6
"36","95",16
"36","96",3
"36","97",23
"36","98",13
"37","39",20
"37","42",5
"37","43",5
"37","45",10
"37","46",14
"37","47",1
"37","49",36
"37","50",11
"37","51",21
"37","52",3
"37","53",4
"37","54",3
"37","55",3
"37","57",146
"37","58",22
"37","59",2
"37","60",7
"37","61",1
"37","62",43
"37","63",3
"37","64",6
"37","67",9
"37","68",4
"37","69",4
"37","70",1
"37","71",3
"37","74",17
"37","75",6
"37","76",3
"37","77",5
"37","78",14
"37","81",1
"37","83",13
"37","84",1
"37","85",9
"37","86",3
"37","87",20
"37","89",2
"37","90",3
"37","91",14
"37","92",12
"37","93",4
"37","94",9
"37","95",3
"37","96",11
"37","97",6
"37","98",6
"39","42",1
"39","43",8
"39","45",14
"39","46",9
"39","47",6
"39","48",35
"39","49",18
"39","50",26
"39","51",17
"39","52",47
"39","53",14
"39","54",7
"39","55",10
"39","57",14
"39","58",5
"39","59",1
"39","60",9
"39","61",1
"39","62",6
"39","63",1
"39","64",1
"39","65",12
"39","67",7
"39","68",12
"39","69",2
"39","72",4
"39","73",19
"39","74",2
"39","75",53
"39","76",77
"39","77",27
"39","78",7
"39","79",5
"39","80",3
"39","82",2
"39","83",2
"39","84",1
"39","85",1
"39","86",4
"39","87",1
"39","89",1
"39","91",18
"39","92",10
"39","93",9
"39","94",20
"39","95",2
"39","96",3
"39","98",25
"42","43",1
"42","44",239
"42","45",34
"42","46",6
"42","47",4
"42","48",1
"42","49",1
"42","50",2
"42","51",11
"42","52",95
"42","53",1
"42","55",2
"42","57",8
"42","58",5
"42","62",3
"42","63",6
"42","64",92
"42","65",32
"42","67",26
"42","68",1
"42","70",32
"42","71",156
"42","72",2
"42","74",15
"42","75",10
"42","76",22
"42","77",7
"42","78",1
"42","79",76
"42","81",155
"42","82",42
"42","83",6
"42","84",121
"42","85",20
"42","87",2
"42","89",204
"42","90",14
"42","92",18
"42","93",3
"42","95",45
"42","96",1
"42","97",56
"42","98",17
"43","46",3
"43","47",11
"43","48",1
"43","49",9
"43","50",4
"43","52",1
"43","53",10
"43","54",4
"43","57",1
"43","58",2
"43","60",1
"43","62",6
"43","68",1
"43","69",2
"43","71",2
"43","72",6
"43","73",2
"43","75",1
"43","76",6
"43","77",4
"43","78",5
"43","80",1
"43","83",2
"43","85",2
"43","86",3
"43","87",3
"43","91",1
"43","92",1
"43","93",12
"43","94",1
"43","95",6
"43","96",3
"43","97",1
"44","45",48
"44","46",4
"44","47",8
"44","49",7
"44","50",5
"44","51",14
"44","52",312
"44","55",6
"44","57",5
"44","58",1
"44","60",7
"44","62",2
"44","63",6
"44","64",286
"44","65",38
"44","67",81
"44","68",3
"44","70",25
"44","71",443
"44","72",1
"44","73",1
"44","74",38
"44","75",13
"44","77",35
"44","79",136
"44","81",509
"44","82",181
"44","83",3
"44","84",277
"44","85",36
"44","87",3
"44","89",48
"44","90",29
"44","91",1
"44","92",28
"44","93",14
"44","95",29
"44","97",79
"44","98",21
"45","46",4
"45","47",38
"45","48",3
"45","49",8
"45","50",14
"45","51",38
"45","52",85
"45","53",1
"45","54",1
"45","55",4
"45","57",31
"45","58",12
"45","59",1
"45","60",17
"45","63",18
"45","64",39
"45","65",23
"45","67",88
"45","70",116
"45","71",3
"45","73",1
"45","74",44
"45","75",73
"45","76",5
"45","77",26
"45","79",14
"45","80",1
"45","81",34
"45","82",29
"45","83",10
"45","84",50
"45","85",27
"45","86",1
"45","87",2
"45","89",17
"45","90",30
"45","91",3
"45","92",93
"45","93",2
"45","94",1
"45","95",58
"45","97",37
"45","98",153
"46","47",3
"46","48",2
"46","49",10
"46","50",33
"46","51",3
"46","53",8
"46","54",3
"46","55",1
"46","57",3
"46","58",7
"46","59",3
"46","60",4
"46","62",14
"46","63",10
"46","64",2
"46","65",15
"46","67",3
"46","68",16
"46","69",1
"46","71",1
"46","72",21
"46","73",7
"46","74",3
"46","75",6
"46","76",25
"46","77",15
"46","78",8
"46","79",5
"46","81",13
"46","83",4
"46","84",5
"46","85",2
"46","86",4
"46","87",5
"46","89",3
"46","90",3
"46","91",1
"46","92",7
"46","93",39
"46","94",4
"46","95",1
"46","97",7
"46","98",2
"47","49",1
"47","50",3
"47","51",36
"47","52",15
"47","53",3
"47","54",3
"47","55",6
"47","57",5
"47","58",4
"47","59",17
"47","60",22
"47","62",1
"47","63",6
"47","64",7
"47","65",21
"47","67",28
"47","68",8
"47","69",13
"47","70",63
"47","71",9
"47","72",1
"47","73",4
"47","74",43
"47","75",50
"47","76",48
"47","77",9
"47","78",1
"47","79",9
"47","80",14
"47","81",7
"47","82",2
"47","83",36
"47","84",17
"47","85",17
"47","87",9
"47","89",12
"47","90",33
"47","91",2
"47","92",27
"47","93",11
"47","94",1
"47","95",58
"47","97",11
"47","98",53
"48","49",9
"48","50",5
"48","51",2
"48","53",4
"48","54",8
"48","55",1
"48","57",1
"48","58",2
"48","59",11
"48","61",3
"48","62",5
"48","63",2
"48","65",2
"48","67",2
"48","68",22
"48","69",4
"48","70",2
"48","72",2
"48","73",28
"48","74",1
"48","75",2
"48","76",2
"48","77",2
"48","78",10
"48","79",1
"48","80",3
"48","83",4
"48","85",2
"48","86",3
"48","87",15
"48","91",12
"48","92",1
"48","93",4
"48","94",3
"48","96",7
"48","97",1
"48","98",33
"49","50",13
"49","51",25
"49","53",4
"49","54",13
"49","55",2
"49","57",9
"49","58",26
"49","59",6
"49","60",3
"49","61",3
"49","62",4
"49","67",9
"49","68",19
"49","71",1
"49","73",1
"49","74",13
"49","75",50
"49","76",12
"49","77",11
"49","78",6
"49","79",1
"49","80",4
"49","84",2
"49","85",18
"49","86",21
"49","87",12
"49","90",1
"49","91",35
"49","92",2
"49","93",12
"49","94",7
"49","95",10
"49","96",3
"49","97",2
"49","98",40
"50","51",11
"50","52",2
"50","53",1
"50","54",16
"50","55",3
"50","57",10
"50","58",25
"50","59",11
"50","60",15
"50","61",3
"50","62",17
"50","63",1
"50","64",1
"50","65",3
"50","67",14
"50","68",11
"50","70",5
"50","72",28
"50","73",7
"50","74",7
"50","75",5
"50","76",57
"50","77",21
"50","78",4
"50","80",2
"50","82",4
"50","83",5
"50","84",5
"50","85",2
"50","86",3
"50","87",22
"50","89",9
"50","90",24
"50","91",20
"50","92",4
"50","93",9
"50","94",4
"50","95",16
"50","97",16
"50","98",3
"51","52",20
"51","53",7
"51","54",10
"51","55",31
"51","57",7
"51","58",7
"51","59",6
"51","60",32
"51","61",1
"51","62",1
"51","63",2
"51","64",8
"51","65",44
"51","67",15
"51","68",18
"51","70",126
"51","71",2
"51","72",1
"51","73",1
"51","74",82
"51","75",51
"51","76",31
"51","77",35
"51","79",16
"51","80",1
"51","81",9
"51","82",9
"51","83",59
"51","84",25
"51","85",37
"51","86",13
"51","87",1
"51","89",11
"51","90",10
"51","91",3
"51","92",56
"51","93",5
"51","94",10
"51","95",19
"51","96",3
"51","97",65
"51","98",34
"52","53",1
"52","54",2
"52","55",4
"52","57",11
"52","58",4
"52","60",2
"52","62",1
"52","63",4
"52","64",185
"52","65",72
"52","67",42
"52","70",52
"52","71",228
"52","73",3
"52","74",41
"52","75",20
"52","77",11
"52","79",226
"52","81",175
"52","82",134
"52","83",3
"52","84",265
"52","85",62
"52","87",3
"52","89",160
"52","90",21
"52","92",13
"52","93",7
"52","95",74
"52","97",136
"52","98",73
"53","54",2
"53","55",4
"53","57",7
"53","58",3
"53","59",10
"53","60",2
"53","62",2
"53","63",1
"53","65",2
"53","68",9
"53","69",5
"53","70",1
"53","72",3
"53","74",1
"53","75",2
"53","76",18
"53","77",7
"53","78",28
"53","81",1
"53","83",4
"53","86",1
"53","87",6
"53","90",2
"53","91",9
"53","93",2
"53","94",12
"53","95",4
"53","97",3
"53","98",15
"54","55",2
"54","57",3
"54","58",4
"54","59",10
"54","60",3
"54","61",2
"54","62",3
"54","67",4
"54","68",26
"54","69",3
"54","70",3
"54","72",2
"54","73",10
"54","74",5
"54","76",10
"54","77",4
"54","78",13
"54","79",1
"54","80",1
"54","83",1
"54","86",4
"54","87",22
"54","91",7
"54","92",1
"54","94",13
"54","96",7
"54","98",2
"55","57",8
"55","58",1
"55","59",6
"55","60",29
"55","61",2
"55","62",12
"55","63",15
"55","64",3
"55","65",6
"55","67",16
"55","68",7
"55","69",15
"55","70",24
"55","71",1
"55","72",7
"55","73",14
"55","74",10
"55","75",8
"55","76",15
"55","77",7
"55","78",3
"55","79",17
"55","80",6
"55","81",2
"55","82",2
"55","83",7
"55","85",6
"55","86",9
"55","87",11
"55","89",5
"55","90",4
"55","91",3
"55","92",11
"55","93",7
"55","94",2
"55","95",19
"55","96",3
"55","97",2
"55","98",5
"57","58",15
"57","59",1
"57","60",15
"57","62",13
"57","63",3
"57","64",3
"57","65",10
"57","67",9
"57","68",8
"57","69",1
"57","70",6
"57","71",5
"57","72",7
"57","73",5
"57","74",13
"57","75",2
"57","76",12
"57","77",16
"57","78",3
"57","79",3
"57","80",3
"57","82",2
"57","83",11
"57","84",3
"57","85",3
"57","86",3
"57","87",5
"57","89",5
"57","90",4
"57","91",9
"57","92",15
"57","93",8
"57","95",3
"57","96",1
"57","97",6
"57","98",14
"58","59",10
"58","60",23
"58","61",1
"58","63",3
"58","64",1
"58","65",10
"58","67",2
"58","68",12
"58","69",1
"58","70",2
"58","71",2
"58","72",33
"58","73",18
"58","74",3
"58","75",9
"58","76",60
"58","77",11
"58","78",1
"58","79",3
"58","80",7
"58","81",4
"58","82",3
"58","83",1
"58","85",1
"58","86",3
"58","87",2
"58","90",19
"58","91",5
"58","92",27
"58","93",7
"58","94",3
"58","95",7
"58","97",18
"58","98",5
"59","60",5
"59","61",2
"59","62",2
"59","63",2
"59","67",4
"59","68",3
"59","69",3
"59","72",4
"59","74",14
"59","75",4
"59","76",7
"59","77",1
"59","78",19
"59","79",1
"59","80",14
"59","86",2
"59","87",9
"59","91",5
"59","92",1
"59","93",11
"59","94",7
"59","96",13
"59","98",1
"60","61",2
"60","62",14
"60","63",2
"60","64",48
"60","65",13
"60","67",6
"60","68",4
"60","69",2
"60","70",17
"60","71",7
"60","72",26
"60","73",22
"60","74",11
"60","75",15
"60","76",20
"60","77",114
"60","78",9
"60","81",2
"60","83",2
"60","85",5
"60","86",1
"60","87",4
"60","89",6
"60","90",18
"60","91",5
"60","92",4
"60","93",7
"60","94",9
"60","95",5
"60","96",2
"60","97",2
"60","98",7
"61","68",26
"61","69",28
"61","73",27
"61","75",24
"61","76",14
"61","78",9
"61","80",34
"61","84",1
"61","86",27
"61","87",41
"61","91",5
"61","92",1
"61","93",3
"61","94",3
"61","96",85
"61","98",3
"62","64",1
"62","65",1
"62","67",2
"62","68",8
"62","69",1
"62","72",2
"62","74",19
"62","75",1
"62","76",9
"62","77",2
"62","78",4
"62","80",1
"62","82",1
"62","83",2
"62","86",26
"62","87",2
"62","89",1
"62","90",1
"62","91",2
"62","92",3
"62","93",14
"62","94",18
"62","97",3
"62","98",1
"63","64",9
"63","65",3
"63","67",6
"63","68",1
"63","70",17
"63","71",3
"63","72",1
"63","74",54
"63","75",45
"63","76",10
"63","77",3
"63","79",9
"63","81",4
"63","82",1
"63","83",5
"63","84",30
"63","85",3
"63","86",1
"63","87",11
"63","89",6
"63","90",53
"63","92",5
"63","93",21
"63","95",12
"63","97",11
"63","98",8
"64","65",27
"64","67",85
"64","68",1
"64","70",35
"64","71",125
"64","72",2
"64","73",1
"64","74",7
"64","75",11
"64","76",4
"64","77",17
"64","79",172
"64","81",129
"64","82",62
"64","83",10
"64","84",150
"64","85",31
"64","89",32
"64","90",17
"64","92",19
"64","94",13
"64","95",50
"64","97",75
"64","98",26
"65","67",18
"65","68",1
"65","70",65
"65","71",2
"65","72",6
"65","74",21
"65","75",27
"65","76",6
"65","77",35
"65","78",1
"65","79",40
"65","81",11
"65","82",19
"65","83",12
"65","84",45
"65","85",65
"65","86",2
"65","87",2
"65","89",37
"65","90",88
"65","91",3
"65","92",19
"65","93",2
"65","94",1
"65","95",48
"65","97",63
"65","98",77
"67","70",51
"67","71",53
"67","72",3
"67","73",2
"67","74",15
"67","75",31
"67","76",25
"67","77",32
"67","78",6
"67","79",71
"67","81",110
"67","82",36
"67","83",10
"67","84",32
"67","85",28
"67","86",2
"67","87",7
"67","89",28
"67","90",50
"67","91",4
"67","92",40
"67","93",2
"67","94",19
"67","95",84
"67","97",115
"67","98",35
"68","69",14
"68","70",4
"68","71",2
"68","72",12
"68","73",7
"68","76",21
"68","77",15
"68","78",4
"68","80",12
"68","83",6
"68","84",2
"68","85",1
"68","86",3
"68","87",9
"68","90",3
"68","91",4
"68","92",5
"68","93",30
"68","94",21
"68","95",1
"68","96",8
"68","97",3
"68","98",14
"69","72",2
"69","73",21
"69","74",1
"69","75",1
"69","76",9
"69","77",10
"69","78",29
"69","80",20
"69","83",1
"69","86",10
"69","87",28
"69","91",2
"69","93",11
"69","94",6
"69","96",43
"69","97",2
"69","98",1
"70","71",9
"70","72",2
"70","74",60
"70","75",32
"70","76",12
"70","77",24
"70","78",1
"70","79",116
"70","81",16
"70","82",46
"70","83",21
"70","84",26
"70","85",120
"70","86",3
"70","87",11
"70","89",73
"70","90",132
"70","92",50
"70","93",8
"70","95",43
"70","97",83
"70","98",104
"71","73",4
"71","74",36
"71","75",3
"71","77",15
"71","79",298
"71","80",1
"71","81",362
"71","82",186
"71","84",165
"71","85",29
"71","87",1
"71","89",74
"71","90",7
"71","91",1
"71","92",12
"71","95",20
"71","97",49
"71","98",4
"72","73",6
"72","74",22
"72","75",6
"72","76",6
"72","77",9
"72","78",2
"72","79",3
"72","80",5
"72","81",1
"72","83",15
"72","85",4
"72","86",1
"72","87",13
"72","89",2
"72","90",10
"72","91",7
"72","92",9
"72","93",27
"72","94",1
"72","96",2
"72","97",4
"72","98",3
"73","75",9
"73","76",3
"73","77",2
"73","78",19
"73","79",2
"73","80",10
"73","81",2
"73","83",3
"73","84",1
"73","86",8
"73","87",6
"73","90",5
"73","91",25
"73","94",2
"73","95",1
"73","96",24
"74","75",43
"74","76",21
"74","77",15
"74","78",1
"74","79",58
"74","80",1
"74","81",31
"74","82",44
"74","83",4
"74","84",20
"74","85",49
"74","86",2
"74","87",1
"74","89",33
"74","90",133
"74","91",1
"74","92",43
"74","93",1
"74","95",23
"74","97",39
"74","98",217
"75","76",12
"75","77",10
"75","78",1
"75","79",22
"75","81",6
"75","82",5
"75","83",20
"75","84",5
"75","85",26
"75","86",1
"75","89",29
"75","90",22
"75","91",7
"75","92",56
"75","93",45
"75","94",1
"75","95",25
"75","96",1
"75","97",58
"75","98",86
"76","77",60
"76","78",3
"76","79",2
"76","80",16
"76","83",8
"76","84",1
"76","85",3
"76","86",12
"76","87",9
"76","89",5
"76","90",9
"76","91",23
"76","92",15
"76","93",6
"76","94",11
"76","95",18
"76","96",7
"76","97",9
"76","98",20
"77","78",4
"77","79",12
"77","80",1
"77","81",13
"77","82",3
"77","83",11
"77","84",6
"77","85",3
"77","86",4
"77","87",10
"77","89",8
"77","90",14
"77","91",10
"77","92",3
"77","93",5
"77","94",9
"77","95",42
"77","96",1
"77","97",33
"77","98",5
"78","80",9
"78","83",1
"78","86",2
"78","87",38
"78","89",1
"78","91",9
"78","92",2
"78","93",1
"78","94",23
"78","95",2
"78","96",14
"78","97",1
"78","98",1
"79","81",378
"79","82",176
"79","83",10
"79","84",296
"79","85",41
"79","87",1
"79","89",168
"79","90",20
"79","91",1
"79","92",24
"79","93",1
"79","95",40
"79","97",89
"79","98",26
"80","86",12
"80","87",17
"80","92",1
"80","95",2
"80","96",42
"81","82",282
"81","83",2
"81","84",296
"81","85",40
"81","87",2
"81","89",330
"81","90",11
"81","92",16
"81","93",6
"81","95",16
"81","97",69
"81","98",21
"82","83",2
"82","84",105
"82","85",22
"82","86",1
"82","87",1
"82","89",189
"82","90",37
"82","91",1
"82","92",53
"82","95",83
"82","97",63
"82","98",23
"83","84",6
"83","85",11
"83","86",7
"83","87",8
"83","89",15
"83","90",8
"83","91",8
"83","92",7
"83","93",7
"83","94",3
"83","95",16
"83","97",29
"83","98",9
"84","85",56
"84","89",130
"84","90",31
"84","92",13
"84","93",2
"84","95",28
"84","97",112
"84","98",60
"85","86",5
"85","87",3
"85","89",64
"85","90",19
"85","91",1
"85","92",83
"85","95",50
"85","97",74
"85","98",65
"86","87",5
"86","89",2
"86","90",1
"86","91",4
"86","92",5
"86","93",1
"86","94",1
"86","95",3
"86","96",13
"86","97",2
"86","98",2
"87","89",1
"87","90",1
"87","91",2
"87","92",1
"87","93",2
"87","94",9
"87","96",8
"87","97",1
"87","98",8
"89","90",34
"89","91",2
"89","92",29
"89","93",4
"89","95",54
"89","97",173
"89","98",73
"90","91",2
"90","92",60
"90","93",4
"90","94",3
"90","95",14
"90","96",1
"90","97",26
"90","98",36
"91","92",3
"91","93",7
"91","94",2
"91","95",5
"91","96",1
"91","97",2
"91","98",1
"92","93",15
"92","94",14
"92","95",82
"92","96",1
"92","97",89
"92","98",133
"93","95",7
"93","97",3
"93","98",5
"94","96",2
"94","98",9
"95","96",1
"95","97",57
"95","98",59
"97","98",72
